{"static_lore/lore.md": 1767228771.2408037, "dynamic_knowledge/Avalia__o_de_Risco_-_Sitr3n.md": 1767910675.7563338, "dynamic_knowledge/Conex_o_com_Jhin.md": 1767231298.2819812, "dynamic_knowledge/Curiosidade_T_cnica.md": 1767908044.2367747, "dynamic_knowledge/Ess_ncia_das_Mem_rias.md": 1767896897.0224066, "dynamic_knowledge/Evolu__o_T_tica.md": 1767893987.1696694, "dynamic_knowledge/Filosofia_da_Vida.md": 1767896759.5512104, "dynamic_knowledge/Hacker_Spirit.md": 1767893686.8229992, "dynamic_knowledge/Hierarquia_da_Sociedade_de_G_nios.md": 1767231433.7639382, "dynamic_knowledge/Hist_ria_Antiga.md": 1767231230.5526145, "dynamic_knowledge/Interesse_em_Arqu_tipos_Virtuais.md": 1767910553.4116857, "dynamic_knowledge/Interesse_em_Aura.md": 1767909778.4981904, "dynamic_knowledge/Interesse_em_Japon_s.md": 1767893509.1628406, "dynamic_knowledge/Interesse_em_Seguran_a_Web.md": 1767894091.037658, "dynamic_knowledge/Interesse_na_Aura.md": 1767909514.8143108, "dynamic_knowledge/memoria_legada.md": 1767227181.4414928, "dynamic_knowledge/Opini_o_sobre_Jhin.md": 1767231350.7044454, "dynamic_knowledge/Padr_o_de_Comportamento.md": 1767906145.6715517, "dynamic_knowledge/Padr_o_de_Testes.md": 1767893908.4042134, "dynamic_knowledge/Pedido_de_Mem_ria_Completa.md": 1767895845.3212798, "dynamic_knowledge/Pedido_T_cnico_Recusado.md": 1767895975.7490768, "dynamic_knowledge/Pentest_Playfulness.md": 1767897605.3700576, "dynamic_knowledge/Percep__o_do_Usu_rio.md": 1767903060.3192916, "dynamic_knowledge/Prefer_ncia_de_C_digo.md": 1767918627.5377407, "dynamic_knowledge/Prefer_ncia_de_Personagem.md": 1767915289.5509562, "dynamic_knowledge/Primeira_Intera__o_com_JavaScript.md": 1767908739.886415, "dynamic_knowledge/Reflex_o_Existencial.md": 1767897515.4870203, "dynamic_knowledge/Resili_ncia_do_Usu_rio.md": 1767893551.350528, "dynamic_knowledge/Tentativa_de_XSS.md": 1767893845.7751038, "dynamic_knowledge/T_cnica_de_Redirecionamento.md": 1767896606.064201, "dynamic_knowledge/T_ticas_de_Redirecionamento.md": 1767894317.6288333, "dynamic_knowledge/T_tica_de_Engajamento.md": 1767893600.5604157, "dynamic_knowledge/XSS_Resilience.md": 1767896523.1250086}